mlp_dropout,k,cbf_beta,test_loss,cbf_gamma,test_pred_dist,epochs,seq_len,test_f1,batch_size,trial_id,lr,test_loss_avg,num_lstm_layers,lstm_dim,mlp_dim,fine_tune_lr_ratio,fc_dim,test_mcc,test_cum_ret,num_heads,criterion,num_encoders,time_idx,fc_dropout,d_model,pretrained_t2v,ignore_cols,scheduler,symbol,test_acc,optimizer
0.3,64,0.99,1.0808645486831665,1.0,"[0.661, 0.11, 0.228]",140,20,0.4765501413772553,64,0,1.0000000000000002e-06,0.5404322743415833,2,256,2048,0.1,1024,0.08189506721634726,0.32000000000000006,4,{'name': 'cb_focal'},2,"[6, 7, 8]",0.1,64,/home/sfwatanabe/git-projects/project-proposal/data/t2v_weights/t2v_n64_mlp1024_lr6.310e-05.pth,[0],{'name': 'plateau'},atnf,0.4878472222222222,"{'name': 'adam', 'config': {'eps': 1e-08, 'weight_decay': 0.001, 'betas': (0.9, 0.99)}}"
0.3,64,0.99,0.5411407351493835,1.0,"[0.654, 0.102, 0.244]",140,20,0.5020233900006014,128,1,1.0000000000000002e-06,0.5411407351493835,2,256,2048,0.1,1024,0.12274938465347919,0.32000000000000006,4,{'name': 'cb_focal'},2,"[6, 7, 8]",0.1,64,/home/sfwatanabe/git-projects/project-proposal/data/t2v_weights/t2v_n64_mlp1024_lr6.310e-05.pth,[0],{'name': 'plateau'},atnf,0.5118110236220472,"{'name': 'adam', 'config': {'eps': 1e-08, 'weight_decay': 0.001, 'betas': (0.9, 0.99)}}"
0.3,64,0.99,1.1495776772499084,1.0,"[0.638, 0.189, 0.173]",140,30,0.4749196627711813,64,2,1.0000000000000002e-06,0.5747888386249542,2,256,2048,0.1,1024,0.11904343693674124,-0.20999999999999996,4,{'name': 'cb_focal'},2,"[6, 7, 8]",0.1,64,/home/sfwatanabe/git-projects/project-proposal/data/t2v_weights/t2v_n64_mlp1024_lr6.310e-05.pth,[0],{'name': 'plateau'},atnf,0.4802827380952381,"{'name': 'adam', 'config': {'eps': 1e-08, 'weight_decay': 0.001, 'betas': (0.9, 0.99)}}"
0.3,64,0.99,0.5736488699913025,1.0,"[0.559, 0.205, 0.236]",140,30,0.48538565935444644,128,3,1.0000000000000002e-06,0.5736488699913025,2,256,2048,0.1,1024,0.12329271002440577,0.79,4,{'name': 'cb_focal'},2,"[6, 7, 8]",0.1,64,/home/sfwatanabe/git-projects/project-proposal/data/t2v_weights/t2v_n64_mlp1024_lr6.310e-05.pth,[0],{'name': 'plateau'},atnf,0.47244094488188976,"{'name': 'adam', 'config': {'eps': 1e-08, 'weight_decay': 0.001, 'betas': (0.9, 0.99)}}"
0.3,64,0.99,1.0932666659355164,1.0,"[0.677, 0.11, 0.213]",140,20,0.47266754264702227,64,4,1.0000000000000002e-06,0.5466333329677582,2,256,2048,0.1,1024,0.07973977910986063,0.26,8,{'name': 'cb_focal'},2,"[6, 7, 8]",0.1,64,/home/sfwatanabe/git-projects/project-proposal/data/t2v_weights/t2v_n64_mlp1024_lr6.310e-05.pth,[0],{'name': 'plateau'},atnf,0.48821924603174605,"{'name': 'adam', 'config': {'eps': 1e-08, 'weight_decay': 0.001, 'betas': (0.9, 0.99)}}"
0.3,64,0.99,0.5464096069335938,1.0,"[0.685, 0.102, 0.213]",140,20,0.505165218593259,128,5,1.0000000000000002e-06,0.5464096069335938,2,256,2048,0.1,1024,0.134842712690578,0.78,8,{'name': 'cb_focal'},2,"[6, 7, 8]",0.1,64,/home/sfwatanabe/git-projects/project-proposal/data/t2v_weights/t2v_n64_mlp1024_lr6.310e-05.pth,[0],{'name': 'plateau'},atnf,0.5196850393700787,"{'name': 'adam', 'config': {'eps': 1e-08, 'weight_decay': 0.001, 'betas': (0.9, 0.99)}}"
0.3,64,0.99,1.1342633962631226,1.0,"[0.654, 0.15, 0.197]",140,30,0.4715154580662165,64,6,1.0000000000000002e-06,0.5671316981315613,2,256,2048,0.1,1024,0.07790382040847418,-0.09999999999999998,8,{'name': 'cb_focal'},2,"[6, 7, 8]",0.1,64,/home/sfwatanabe/git-projects/project-proposal/data/t2v_weights/t2v_n64_mlp1024_lr6.310e-05.pth,[0],{'name': 'plateau'},atnf,0.4718501984126984,"{'name': 'adam', 'config': {'eps': 1e-08, 'weight_decay': 0.001, 'betas': (0.9, 0.99)}}"
0.3,64,0.99,0.5661231875419617,1.0,"[0.669, 0.181, 0.15]",140,30,0.47788067902644527,128,7,1.0000000000000002e-06,0.5661231875419617,2,256,2048,0.1,1024,0.11099277302477849,0.8799999999999999,8,{'name': 'cb_focal'},2,"[6, 7, 8]",0.1,64,/home/sfwatanabe/git-projects/project-proposal/data/t2v_weights/t2v_n64_mlp1024_lr6.310e-05.pth,[0],{'name': 'plateau'},atnf,0.48031496062992124,"{'name': 'adam', 'config': {'eps': 1e-08, 'weight_decay': 0.001, 'betas': (0.9, 0.99)}}"
0.3,64,0.99,1.1222501397132874,1.0,"[0.701, 0.15, 0.15]",140,20,0.4655702566938333,64,8,1.0000000000000002e-06,0.5611250698566437,2,256,2048,0.1,1024,0.10252730753483424,0.32000000000000006,4,{'name': 'cb_focal'},3,"[6, 7, 8]",0.1,64,/home/sfwatanabe/git-projects/project-proposal/data/t2v_weights/t2v_n64_mlp1024_lr6.310e-05.pth,[0],{'name': 'plateau'},atnf,0.48821924603174605,"{'name': 'adam', 'config': {'eps': 1e-08, 'weight_decay': 0.001, 'betas': (0.9, 0.99)}}"
0.3,64,0.99,0.5561595559120178,1.0,"[0.693, 0.15, 0.157]",140,20,0.4886889138857643,128,9,1.0000000000000002e-06,0.5561595559120178,2,256,2048,0.1,1024,0.1339703125153962,0.6599999999999999,4,{'name': 'cb_focal'},3,"[6, 7, 8]",0.1,64,/home/sfwatanabe/git-projects/project-proposal/data/t2v_weights/t2v_n64_mlp1024_lr6.310e-05.pth,[0],{'name': 'plateau'},atnf,0.5039370078740157,"{'name': 'adam', 'config': {'eps': 1e-08, 'weight_decay': 0.001, 'betas': (0.9, 0.99)}}"
0.3,64,0.99,1.1282426714897156,1.0,"[0.756, 0.157, 0.087]",140,30,0.36972964586323254,64,10,1.0000000000000002e-06,0.5641213357448578,2,256,2048,0.1,1024,-0.030344355729138427,-0.32999999999999996,4,{'name': 'cb_focal'},3,"[6, 7, 8]",0.1,64,/home/sfwatanabe/git-projects/project-proposal/data/t2v_weights/t2v_n64_mlp1024_lr6.310e-05.pth,[0],{'name': 'plateau'},atnf,0.4252232142857143,"{'name': 'adam', 'config': {'eps': 1e-08, 'weight_decay': 0.001, 'betas': (0.9, 0.99)}}"
0.3,64,0.99,0.5767850279808044,1.0,"[0.756, 0.181, 0.063]",140,30,0.40232210557013703,128,11,1.0000000000000002e-06,0.5767850279808044,2,256,2048,0.1,1024,0.05400131532843848,-0.19999999999999996,4,{'name': 'cb_focal'},3,"[6, 7, 8]",0.1,64,/home/sfwatanabe/git-projects/project-proposal/data/t2v_weights/t2v_n64_mlp1024_lr6.310e-05.pth,[0],{'name': 'plateau'},atnf,0.4566929133858268,"{'name': 'adam', 'config': {'eps': 1e-08, 'weight_decay': 0.001, 'betas': (0.9, 0.99)}}"
0.3,64,0.99,1.1279593110084534,1.0,"[0.732, 0.165, 0.102]",140,20,0.42448373198633194,64,12,1.0000000000000002e-06,0.5639796555042267,2,256,2048,0.1,1024,0.06235713877908926,0.33000000000000007,8,{'name': 'cb_focal'},3,"[6, 7, 8]",0.1,64,/home/sfwatanabe/git-projects/project-proposal/data/t2v_weights/t2v_n64_mlp1024_lr6.310e-05.pth,[0],{'name': 'plateau'},atnf,0.4645337301587301,"{'name': 'adam', 'config': {'eps': 1e-08, 'weight_decay': 0.001, 'betas': (0.9, 0.99)}}"
0.3,64,0.99,0.5535702705383301,1.0,"[0.701, 0.157, 0.142]",140,20,0.4670336118997361,128,13,1.0000000000000002e-06,0.5535702705383301,2,256,2048,0.1,1024,0.10778388756158272,0.25,8,{'name': 'cb_focal'},3,"[6, 7, 8]",0.1,64,/home/sfwatanabe/git-projects/project-proposal/data/t2v_weights/t2v_n64_mlp1024_lr6.310e-05.pth,[0],{'name': 'plateau'},atnf,0.4881889763779528,"{'name': 'adam', 'config': {'eps': 1e-08, 'weight_decay': 0.001, 'betas': (0.9, 0.99)}}"
0.3,64,0.99,1.1118035316467285,1.0,"[0.803, 0.094, 0.102]",140,30,0.41664791901012377,64,14,1.0000000000000002e-06,0.5559017658233643,2,256,2048,0.1,1024,0.014911554270314945,-0.25,8,{'name': 'cb_focal'},3,"[6, 7, 8]",0.1,64,/home/sfwatanabe/git-projects/project-proposal/data/t2v_weights/t2v_n64_mlp1024_lr6.310e-05.pth,[0],{'name': 'plateau'},atnf,0.4722222222222222,"{'name': 'adam', 'config': {'eps': 1e-08, 'weight_decay': 0.001, 'betas': (0.9, 0.99)}}"
0.3,64,0.99,0.5744487047195435,1.0,"[0.646, 0.205, 0.15]",140,30,0.4138820580430872,128,15,1.0000000000000002e-06,0.5744487047195435,2,256,2048,0.1,1024,0.02582888452775556,-0.18000000000000005,8,{'name': 'cb_focal'},3,"[6, 7, 8]",0.1,64,/home/sfwatanabe/git-projects/project-proposal/data/t2v_weights/t2v_n64_mlp1024_lr6.310e-05.pth,[0],{'name': 'plateau'},atnf,0.4251968503937008,"{'name': 'adam', 'config': {'eps': 1e-08, 'weight_decay': 0.001, 'betas': (0.9, 0.99)}}"
0.4,64,0.99,1.0812702178955078,1.0,"[0.669, 0.118, 0.213]",140,20,0.46667817394650635,64,16,1.0000000000000002e-06,0.5406351089477539,2,256,2048,0.1,1024,0.0707434259276826,0.31000000000000005,4,{'name': 'cb_focal'},2,"[6, 7, 8]",0.1,64,/home/sfwatanabe/git-projects/project-proposal/data/t2v_weights/t2v_n64_mlp1024_lr6.310e-05.pth,[0],{'name': 'plateau'},atnf,0.4799107142857143,"{'name': 'adam', 'config': {'eps': 1e-08, 'weight_decay': 0.001, 'betas': (0.9, 0.99)}}"
0.4,64,0.99,0.5344887971878052,1.0,"[0.685, 0.102, 0.213]",140,20,0.4776403643377923,128,17,1.0000000000000002e-06,0.5344887971878052,2,256,2048,0.1,1024,0.08893111882542142,0.30000000000000004,4,{'name': 'cb_focal'},2,"[6, 7, 8]",0.1,64,/home/sfwatanabe/git-projects/project-proposal/data/t2v_weights/t2v_n64_mlp1024_lr6.310e-05.pth,[0],{'name': 'plateau'},atnf,0.49606299212598426,"{'name': 'adam', 'config': {'eps': 1e-08, 'weight_decay': 0.001, 'betas': (0.9, 0.99)}}"
0.4,64,0.99,1.1298402547836304,1.0,"[0.646, 0.197, 0.157]",140,30,0.4282207172434129,64,18,1.0000000000000002e-06,0.5649201273918152,2,256,2048,0.1,1024,0.05012284522536843,-0.28,4,{'name': 'cb_focal'},2,"[6, 7, 8]",0.1,64,/home/sfwatanabe/git-projects/project-proposal/data/t2v_weights/t2v_n64_mlp1024_lr6.310e-05.pth,[0],{'name': 'plateau'},atnf,0.4408482142857143,"{'name': 'adam', 'config': {'eps': 1e-08, 'weight_decay': 0.001, 'betas': (0.9, 0.99)}}"
0.4,64,0.99,0.5651296973228455,1.0,"[0.591, 0.205, 0.205]",140,30,0.47922839432305003,128,19,1.0000000000000002e-06,0.5651296973228455,2,256,2048,0.1,1024,0.11951976886465743,0.8,4,{'name': 'cb_focal'},2,"[6, 7, 8]",0.1,64,/home/sfwatanabe/git-projects/project-proposal/data/t2v_weights/t2v_n64_mlp1024_lr6.310e-05.pth,[0],{'name': 'plateau'},atnf,0.47244094488188976,"{'name': 'adam', 'config': {'eps': 1e-08, 'weight_decay': 0.001, 'betas': (0.9, 0.99)}}"
0.4,64,0.99,1.0993208289146423,1.0,"[0.685, 0.118, 0.197]",140,20,0.4944594158350527,64,20,1.0000000000000002e-06,0.5496604144573212,2,256,2048,0.1,1024,0.12949709915222507,0.3700000000000001,8,{'name': 'cb_focal'},2,"[6, 7, 8]",0.1,64,/home/sfwatanabe/git-projects/project-proposal/data/t2v_weights/t2v_n64_mlp1024_lr6.310e-05.pth,[0],{'name': 'plateau'},atnf,0.5119047619047619,"{'name': 'adam', 'config': {'eps': 1e-08, 'weight_decay': 0.001, 'betas': (0.9, 0.99)}}"
0.4,64,0.99,0.5414113998413086,1.0,"[0.701, 0.11, 0.189]",140,20,0.49229250861247714,128,21,1.0000000000000002e-06,0.5414113998413086,2,256,2048,0.1,1024,0.12317661017843844,0.78,8,{'name': 'cb_focal'},2,"[6, 7, 8]",0.1,64,/home/sfwatanabe/git-projects/project-proposal/data/t2v_weights/t2v_n64_mlp1024_lr6.310e-05.pth,[0],{'name': 'plateau'},atnf,0.5118110236220472,"{'name': 'adam', 'config': {'eps': 1e-08, 'weight_decay': 0.001, 'betas': (0.9, 0.99)}}"
0.4,64,0.99,1.1196038126945496,1.0,"[0.685, 0.165, 0.15]",140,30,0.4556199944766639,64,22,1.0000000000000002e-06,0.5598019063472748,2,256,2048,0.1,1024,0.06873935819325108,-0.12,8,{'name': 'cb_focal'},2,"[6, 7, 8]",0.1,64,/home/sfwatanabe/git-projects/project-proposal/data/t2v_weights/t2v_n64_mlp1024_lr6.310e-05.pth,[0],{'name': 'plateau'},atnf,0.4644097222222222,"{'name': 'adam', 'config': {'eps': 1e-08, 'weight_decay': 0.001, 'betas': (0.9, 0.99)}}"
0.4,64,0.99,0.5607427358627319,1.0,"[0.717, 0.142, 0.142]",140,30,0.4766413752421075,128,23,1.0000000000000002e-06,0.5607427358627319,2,256,2048,0.1,1024,0.11150508239577696,0.8700000000000001,8,{'name': 'cb_focal'},2,"[6, 7, 8]",0.1,64,/home/sfwatanabe/git-projects/project-proposal/data/t2v_weights/t2v_n64_mlp1024_lr6.310e-05.pth,[0],{'name': 'plateau'},atnf,0.49606299212598426,"{'name': 'adam', 'config': {'eps': 1e-08, 'weight_decay': 0.001, 'betas': (0.9, 0.99)}}"
0.4,64,0.99,1.0902719497680664,1.0,"[0.732, 0.094, 0.173]",140,20,0.46638930460056593,64,24,1.0000000000000002e-06,0.5451359748840332,2,256,2048,0.1,1024,0.07785759802465858,0.18999999999999995,4,{'name': 'cb_focal'},3,"[6, 7, 8]",0.1,64,/home/sfwatanabe/git-projects/project-proposal/data/t2v_weights/t2v_n64_mlp1024_lr6.310e-05.pth,[0],{'name': 'plateau'},atnf,0.49603174603174605,"{'name': 'adam', 'config': {'eps': 1e-08, 'weight_decay': 0.001, 'betas': (0.9, 0.99)}}"
0.4,64,0.99,0.542964518070221,1.0,"[0.827, 0.071, 0.102]",140,20,0.42856748169636694,128,25,1.0000000000000002e-06,0.542964518070221,2,256,2048,0.1,1024,0.047538801682046286,-0.38,4,{'name': 'cb_focal'},3,"[6, 7, 8]",0.1,64,/home/sfwatanabe/git-projects/project-proposal/data/t2v_weights/t2v_n64_mlp1024_lr6.310e-05.pth,[0],{'name': 'plateau'},atnf,0.49606299212598426,"{'name': 'adam', 'config': {'eps': 1e-08, 'weight_decay': 0.001, 'betas': (0.9, 0.99)}}"
0.4,64,0.99,1.145809292793274,1.0,"[0.748, 0.205, 0.047]",140,30,0.3462111463953063,64,26,1.0000000000000002e-06,0.572904646396637,2,256,2048,0.1,1024,-0.027969580063379768,-0.29000000000000004,4,{'name': 'cb_focal'},3,"[6, 7, 8]",0.1,64,/home/sfwatanabe/git-projects/project-proposal/data/t2v_weights/t2v_n64_mlp1024_lr6.310e-05.pth,[0],{'name': 'plateau'},atnf,0.4095982142857143,"{'name': 'adam', 'config': {'eps': 1e-08, 'weight_decay': 0.001, 'betas': (0.9, 0.99)}}"
0.4,64,0.99,0.5761964917182922,1.0,"[0.772, 0.189, 0.039]",140,30,0.37490845503338804,128,27,1.0000000000000002e-06,0.5761964917182922,2,256,2048,0.1,1024,0.023023440613249315,-0.19999999999999996,4,{'name': 'cb_focal'},3,"[6, 7, 8]",0.1,64,/home/sfwatanabe/git-projects/project-proposal/data/t2v_weights/t2v_n64_mlp1024_lr6.310e-05.pth,[0],{'name': 'plateau'},atnf,0.4409448818897638,"{'name': 'adam', 'config': {'eps': 1e-08, 'weight_decay': 0.001, 'betas': (0.9, 0.99)}}"
0.4,64,0.99,1.1221233010292053,1.0,"[0.772, 0.173, 0.055]",140,20,0.4080984896157473,64,28,1.0000000000000002e-06,0.5610616505146027,2,256,2048,0.1,1024,0.06309044008169845,-0.30000000000000004,8,{'name': 'cb_focal'},3,"[6, 7, 8]",0.1,64,/home/sfwatanabe/git-projects/project-proposal/data/t2v_weights/t2v_n64_mlp1024_lr6.310e-05.pth,[0],{'name': 'plateau'},atnf,0.4645337301587301,"{'name': 'adam', 'config': {'eps': 1e-08, 'weight_decay': 0.001, 'betas': (0.9, 0.99)}}"
0.4,64,0.99,0.546744167804718,1.0,"[0.748, 0.142, 0.11]",140,20,0.46431943042692786,128,29,1.0000000000000002e-06,0.546744167804718,2,256,2048,0.1,1024,0.12583426430295128,0.6699999999999999,8,{'name': 'cb_focal'},3,"[6, 7, 8]",0.1,64,/home/sfwatanabe/git-projects/project-proposal/data/t2v_weights/t2v_n64_mlp1024_lr6.310e-05.pth,[0],{'name': 'plateau'},atnf,0.5039370078740157,"{'name': 'adam', 'config': {'eps': 1e-08, 'weight_decay': 0.001, 'betas': (0.9, 0.99)}}"
0.4,64,0.99,1.1364492177963257,1.0,"[0.78, 0.165, 0.055]",140,30,0.3521686907780595,64,30,1.0000000000000002e-06,0.5682246088981628,2,256,2048,0.1,1024,-0.03161345086078591,-0.29000000000000004,8,{'name': 'cb_focal'},3,"[6, 7, 8]",0.1,64,/home/sfwatanabe/git-projects/project-proposal/data/t2v_weights/t2v_n64_mlp1024_lr6.310e-05.pth,[0],{'name': 'plateau'},atnf,0.4252232142857143,"{'name': 'adam', 'config': {'eps': 1e-08, 'weight_decay': 0.001, 'betas': (0.9, 0.99)}}"
0.4,64,0.99,0.5810185670852661,1.0,"[0.748, 0.197, 0.055]",140,30,0.36630608004811316,128,31,1.0000000000000002e-06,0.5810185670852661,2,256,2048,0.1,1024,-0.00013154155807719586,-0.24,8,{'name': 'cb_focal'},3,"[6, 7, 8]",0.1,64,/home/sfwatanabe/git-projects/project-proposal/data/t2v_weights/t2v_n64_mlp1024_lr6.310e-05.pth,[0],{'name': 'plateau'},atnf,0.4251968503937008,"{'name': 'adam', 'config': {'eps': 1e-08, 'weight_decay': 0.001, 'betas': (0.9, 0.99)}}"
0.3,64,0.99,1.1825500130653381,1.0,"[0.669, 0.165, 0.165]",140,20,0.44259040331561567,64,32,5e-06,0.5912750065326691,2,256,2048,0.1,1024,0.0559397793409296,0.20999999999999996,4,{'name': 'cb_focal'},2,"[6, 7, 8]",0.1,64,/home/sfwatanabe/git-projects/project-proposal/data/t2v_weights/t2v_n64_mlp1024_lr6.310e-05.pth,[0],{'name': 'plateau'},atnf,0.4568452380952381,"{'name': 'adam', 'config': {'eps': 1e-08, 'weight_decay': 0.001, 'betas': (0.9, 0.99)}}"
0.3,64,0.99,0.5605535507202148,1.0,"[0.646, 0.15, 0.205]",140,20,0.4855896391329462,128,33,5e-06,0.5605535507202148,2,256,2048,0.1,1024,0.1082737614801896,0.24,4,{'name': 'cb_focal'},2,"[6, 7, 8]",0.1,64,/home/sfwatanabe/git-projects/project-proposal/data/t2v_weights/t2v_n64_mlp1024_lr6.310e-05.pth,[0],{'name': 'plateau'},atnf,0.4881889763779528,"{'name': 'adam', 'config': {'eps': 1e-08, 'weight_decay': 0.001, 'betas': (0.9, 0.99)}}"
0.3,64,0.99,1.2610191702842712,1.0,"[0.685, 0.087, 0.228]",140,30,0.4303318294363532,64,34,5e-06,0.6305095851421356,2,256,2048,0.1,1024,-0.013311025293363617,0.73,4,{'name': 'cb_focal'},2,"[6, 7, 8]",0.1,64,/home/sfwatanabe/git-projects/project-proposal/data/t2v_weights/t2v_n64_mlp1024_lr6.310e-05.pth,[0],{'name': 'plateau'},atnf,0.44853670634920634,"{'name': 'adam', 'config': {'eps': 1e-08, 'weight_decay': 0.001, 'betas': (0.9, 0.99)}}"
0.3,64,0.99,0.5756690502166748,1.0,"[0.748, 0.11, 0.142]",140,30,0.47054335599354424,128,35,5e-06,0.5756690502166748,2,256,2048,0.1,1024,0.10347528345573266,-0.35,4,{'name': 'cb_focal'},2,"[6, 7, 8]",0.1,64,/home/sfwatanabe/git-projects/project-proposal/data/t2v_weights/t2v_n64_mlp1024_lr6.310e-05.pth,[0],{'name': 'plateau'},atnf,0.5039370078740157,"{'name': 'adam', 'config': {'eps': 1e-08, 'weight_decay': 0.001, 'betas': (0.9, 0.99)}}"
0.3,64,0.99,1.178376317024231,1.0,"[0.701, 0.087, 0.213]",140,20,0.5045597913980638,64,36,5e-06,0.5891881585121155,2,256,2048,0.1,1024,0.13919864355271774,0.6399999999999999,8,{'name': 'cb_focal'},2,"[6, 7, 8]",0.1,64,/home/sfwatanabe/git-projects/project-proposal/data/t2v_weights/t2v_n64_mlp1024_lr6.310e-05.pth,[0],{'name': 'plateau'},atnf,0.527405753968254,"{'name': 'adam', 'config': {'eps': 1e-08, 'weight_decay': 0.001, 'betas': (0.9, 0.99)}}"
0.3,64,0.99,0.5723206996917725,1.0,"[0.622, 0.157, 0.22]",140,20,0.4715449361933206,128,37,5e-06,0.5723206996917725,2,256,2048,0.1,1024,0.08705620918587972,0.3799999999999999,8,{'name': 'cb_focal'},2,"[6, 7, 8]",0.1,64,/home/sfwatanabe/git-projects/project-proposal/data/t2v_weights/t2v_n64_mlp1024_lr6.310e-05.pth,[0],{'name': 'plateau'},atnf,0.47244094488188976,"{'name': 'adam', 'config': {'eps': 1e-08, 'weight_decay': 0.001, 'betas': (0.9, 0.99)}}"
0.3,64,0.99,1.2202112078666687,1.0,"[0.52, 0.244, 0.236]",140,30,0.4317937391972345,64,38,5e-06,0.6101056039333344,2,256,2048,0.1,1024,0.05678748186550072,-0.30000000000000004,8,{'name': 'cb_focal'},2,"[6, 7, 8]",0.1,64,/home/sfwatanabe/git-projects/project-proposal/data/t2v_weights/t2v_n64_mlp1024_lr6.310e-05.pth,[0],{'name': 'plateau'},atnf,0.41666666666666663,"{'name': 'adam', 'config': {'eps': 1e-08, 'weight_decay': 0.001, 'betas': (0.9, 0.99)}}"
0.3,64,0.99,0.5923781991004944,1.0,"[0.701, 0.165, 0.134]",140,30,0.46384836537789015,128,39,5e-06,0.5923781991004944,2,256,2048,0.1,1024,0.09758110342538626,-0.22999999999999998,8,{'name': 'cb_focal'},2,"[6, 7, 8]",0.1,64,/home/sfwatanabe/git-projects/project-proposal/data/t2v_weights/t2v_n64_mlp1024_lr6.310e-05.pth,[0],{'name': 'plateau'},atnf,0.48031496062992124,"{'name': 'adam', 'config': {'eps': 1e-08, 'weight_decay': 0.001, 'betas': (0.9, 0.99)}}"
0.3,64,0.99,1.1874788403511047,1.0,"[0.591, 0.079, 0.331]",140,20,0.4617188808845703,64,40,5e-06,0.5937394201755524,2,256,2048,0.1,1024,0.030525576654306864,0.020000000000000018,4,{'name': 'cb_focal'},3,"[6, 7, 8]",0.1,64,/home/sfwatanabe/git-projects/project-proposal/data/t2v_weights/t2v_n64_mlp1024_lr6.310e-05.pth,[0],{'name': 'plateau'},atnf,0.4645337301587301,"{'name': 'adam', 'config': {'eps': 1e-08, 'weight_decay': 0.001, 'betas': (0.9, 0.99)}}"
0.3,64,0.99,0.5837125778198242,1.0,"[0.685, 0.142, 0.173]",140,20,0.42588118456576074,128,41,5e-06,0.5837125778198242,2,256,2048,0.1,1024,0.0076672841774625775,0.5900000000000001,4,{'name': 'cb_focal'},3,"[6, 7, 8]",0.1,64,/home/sfwatanabe/git-projects/project-proposal/data/t2v_weights/t2v_n64_mlp1024_lr6.310e-05.pth,[0],{'name': 'plateau'},atnf,0.4409448818897638,"{'name': 'adam', 'config': {'eps': 1e-08, 'weight_decay': 0.001, 'betas': (0.9, 0.99)}}"
0.3,64,0.99,1.1813764572143555,1.0,"[0.858, 0.087, 0.055]",140,30,0.39999542430077595,64,42,5e-06,0.5906882286071777,2,256,2048,0.1,1024,0.03584301972591416,-0.16000000000000003,4,{'name': 'cb_focal'},3,"[6, 7, 8]",0.1,64,/home/sfwatanabe/git-projects/project-proposal/data/t2v_weights/t2v_n64_mlp1024_lr6.310e-05.pth,[0],{'name': 'plateau'},atnf,0.48821924603174605,"{'name': 'adam', 'config': {'eps': 1e-08, 'weight_decay': 0.001, 'betas': (0.9, 0.99)}}"
0.3,64,0.99,0.5804840922355652,1.0,"[0.709, 0.15, 0.142]",140,30,0.45861382711776416,128,43,5e-06,0.5804840922355652,2,256,2048,0.1,1024,0.08615890563490872,0.54,4,{'name': 'cb_focal'},3,"[6, 7, 8]",0.1,64,/home/sfwatanabe/git-projects/project-proposal/data/t2v_weights/t2v_n64_mlp1024_lr6.310e-05.pth,[0],{'name': 'plateau'},atnf,0.48031496062992124,"{'name': 'adam', 'config': {'eps': 1e-08, 'weight_decay': 0.001, 'betas': (0.9, 0.99)}}"
0.3,64,0.99,1.2594565153121948,1.0,"[0.583, 0.189, 0.228]",140,20,0.4497763537133616,64,44,5e-06,0.6297282576560974,2,256,2048,0.1,1024,0.0553167991870735,-0.06999999999999995,8,{'name': 'cb_focal'},3,"[6, 7, 8]",0.1,64,/home/sfwatanabe/git-projects/project-proposal/data/t2v_weights/t2v_n64_mlp1024_lr6.310e-05.pth,[0],{'name': 'plateau'},atnf,0.4410962301587301,"{'name': 'adam', 'config': {'eps': 1e-08, 'weight_decay': 0.001, 'betas': (0.9, 0.99)}}"
0.3,64,0.99,0.5981001853942871,1.0,"[0.606, 0.181, 0.213]",140,20,0.4592489017013087,128,45,5e-06,0.5981001853942871,2,256,2048,0.1,1024,0.07506996261457735,0.3700000000000001,8,{'name': 'cb_focal'},3,"[6, 7, 8]",0.1,64,/home/sfwatanabe/git-projects/project-proposal/data/t2v_weights/t2v_n64_mlp1024_lr6.310e-05.pth,[0],{'name': 'plateau'},atnf,0.4566929133858268,"{'name': 'adam', 'config': {'eps': 1e-08, 'weight_decay': 0.001, 'betas': (0.9, 0.99)}}"
0.3,64,0.99,1.1741169095039368,1.0,"[0.835, 0.063, 0.102]",140,30,0.4265885368980041,64,46,5e-06,0.5870584547519684,2,256,2048,0.1,1024,0.039710799708750785,-0.19999999999999996,8,{'name': 'cb_focal'},3,"[6, 7, 8]",0.1,64,/home/sfwatanabe/git-projects/project-proposal/data/t2v_weights/t2v_n64_mlp1024_lr6.310e-05.pth,[0],{'name': 'plateau'},atnf,0.49603174603174605,"{'name': 'adam', 'config': {'eps': 1e-08, 'weight_decay': 0.001, 'betas': (0.9, 0.99)}}"
0.3,64,0.99,0.5791221261024475,1.0,"[0.717, 0.126, 0.157]",140,30,0.4806979063922742,128,47,5e-06,0.5791221261024475,2,256,2048,0.1,1024,0.1324625882063273,-0.14,8,{'name': 'cb_focal'},3,"[6, 7, 8]",0.1,64,/home/sfwatanabe/git-projects/project-proposal/data/t2v_weights/t2v_n64_mlp1024_lr6.310e-05.pth,[0],{'name': 'plateau'},atnf,0.5118110236220472,"{'name': 'adam', 'config': {'eps': 1e-08, 'weight_decay': 0.001, 'betas': (0.9, 0.99)}}"
0.4,64,0.99,1.1608707904815674,1.0,"[0.606, 0.165, 0.228]",140,20,0.4764759105966455,64,48,5e-06,0.5804353952407837,2,256,2048,0.1,1024,0.0939357116532696,0.3799999999999999,4,{'name': 'cb_focal'},2,"[6, 7, 8]",0.1,64,/home/sfwatanabe/git-projects/project-proposal/data/t2v_weights/t2v_n64_mlp1024_lr6.310e-05.pth,[0],{'name': 'plateau'},atnf,0.4723462301587301,"{'name': 'adam', 'config': {'eps': 1e-08, 'weight_decay': 0.001, 'betas': (0.9, 0.99)}}"
0.4,64,0.99,0.5463883876800537,1.0,"[0.654, 0.126, 0.22]",140,20,0.4731163134809491,128,49,5e-06,0.5463883876800537,2,256,2048,0.1,1024,0.07792694660469804,0.32000000000000006,4,{'name': 'cb_focal'},2,"[6, 7, 8]",0.1,64,/home/sfwatanabe/git-projects/project-proposal/data/t2v_weights/t2v_n64_mlp1024_lr6.310e-05.pth,[0],{'name': 'plateau'},atnf,0.48031496062992124,"{'name': 'adam', 'config': {'eps': 1e-08, 'weight_decay': 0.001, 'betas': (0.9, 0.99)}}"
0.4,64,0.99,1.227513313293457,1.0,"[0.449, 0.205, 0.346]",140,30,0.4790991065141248,64,50,5e-06,0.6137566566467285,2,256,2048,0.1,1024,0.09940973354086742,0.5900000000000001,4,{'name': 'cb_focal'},2,"[6, 7, 8]",0.1,64,/home/sfwatanabe/git-projects/project-proposal/data/t2v_weights/t2v_n64_mlp1024_lr6.310e-05.pth,[0],{'name': 'plateau'},atnf,0.4489087301587301,"{'name': 'adam', 'config': {'eps': 1e-08, 'weight_decay': 0.001, 'betas': (0.9, 0.99)}}"
0.4,64,0.99,0.5608384609222412,1.0,"[0.677, 0.157, 0.165]",140,30,0.4721025753863158,128,51,5e-06,0.5608384609222412,2,256,2048,0.1,1024,0.0948684290720384,-0.17000000000000004,4,{'name': 'cb_focal'},2,"[6, 7, 8]",0.1,64,/home/sfwatanabe/git-projects/project-proposal/data/t2v_weights/t2v_n64_mlp1024_lr6.310e-05.pth,[0],{'name': 'plateau'},atnf,0.48031496062992124,"{'name': 'adam', 'config': {'eps': 1e-08, 'weight_decay': 0.001, 'betas': (0.9, 0.99)}}"
0.4,64,0.99,1.1565634608268738,1.0,"[0.606, 0.079, 0.315]",140,20,0.49219182050404225,64,52,5e-06,0.5782817304134369,2,256,2048,0.1,1024,0.08569210730809437,0.5700000000000001,8,{'name': 'cb_focal'},2,"[6, 7, 8]",0.1,64,/home/sfwatanabe/git-projects/project-proposal/data/t2v_weights/t2v_n64_mlp1024_lr6.310e-05.pth,[0],{'name': 'plateau'},atnf,0.4959077380952381,"{'name': 'adam', 'config': {'eps': 1e-08, 'weight_decay': 0.001, 'betas': (0.9, 0.99)}}"
0.4,64,0.99,0.5492902398109436,1.0,"[0.638, 0.157, 0.205]",140,20,0.5029987015169901,128,53,5e-06,0.5492902398109436,2,256,2048,0.1,1024,0.14307820676434152,0.96,8,{'name': 'cb_focal'},2,"[6, 7, 8]",0.1,64,/home/sfwatanabe/git-projects/project-proposal/data/t2v_weights/t2v_n64_mlp1024_lr6.310e-05.pth,[0],{'name': 'plateau'},atnf,0.5039370078740157,"{'name': 'adam', 'config': {'eps': 1e-08, 'weight_decay': 0.001, 'betas': (0.9, 0.99)}}"
0.4,64,0.99,1.1676260828971863,1.0,"[0.685, 0.142, 0.173]",140,30,0.46684943396383877,64,54,5e-06,0.5838130414485931,2,256,2048,0.1,1024,0.0837411193757241,-0.13,8,{'name': 'cb_focal'},2,"[6, 7, 8]",0.1,64,/home/sfwatanabe/git-projects/project-proposal/data/t2v_weights/t2v_n64_mlp1024_lr6.310e-05.pth,[0],{'name': 'plateau'},atnf,0.4801587301587301,"{'name': 'adam', 'config': {'eps': 1e-08, 'weight_decay': 0.001, 'betas': (0.9, 0.99)}}"
0.4,64,0.99,0.5925372242927551,1.0,"[0.661, 0.197, 0.142]",140,30,0.45576126513597565,128,55,5e-06,0.5925372242927551,2,256,2048,0.1,1024,0.09221673215539407,0.8300000000000001,8,{'name': 'cb_focal'},2,"[6, 7, 8]",0.1,64,/home/sfwatanabe/git-projects/project-proposal/data/t2v_weights/t2v_n64_mlp1024_lr6.310e-05.pth,[0],{'name': 'plateau'},atnf,0.4645669291338583,"{'name': 'adam', 'config': {'eps': 1e-08, 'weight_decay': 0.001, 'betas': (0.9, 0.99)}}"
0.4,64,0.99,1.1533189415931702,1.0,"[0.646, 0.11, 0.244]",140,20,0.45983893009791876,64,56,5e-06,0.5766594707965851,2,256,2048,0.1,1024,0.03983715010493432,0.76,4,{'name': 'cb_focal'},3,"[6, 7, 8]",0.1,64,/home/sfwatanabe/git-projects/project-proposal/data/t2v_weights/t2v_n64_mlp1024_lr6.310e-05.pth,[0],{'name': 'plateau'},atnf,0.4646577380952381,"{'name': 'adam', 'config': {'eps': 1e-08, 'weight_decay': 0.001, 'betas': (0.9, 0.99)}}"
0.4,64,0.99,0.5535016655921936,1.0,"[0.74, 0.063, 0.197]",140,20,0.4500664689641068,128,57,5e-06,0.5535016655921936,2,256,2048,0.1,1024,0.02219530136633702,-0.15000000000000002,4,{'name': 'cb_focal'},3,"[6, 7, 8]",0.1,64,/home/sfwatanabe/git-projects/project-proposal/data/t2v_weights/t2v_n64_mlp1024_lr6.310e-05.pth,[0],{'name': 'plateau'},atnf,0.48031496062992124,"{'name': 'adam', 'config': {'eps': 1e-08, 'weight_decay': 0.001, 'betas': (0.9, 0.99)}}"
0.4,64,0.99,1.1483034491539001,1.0,"[0.622, 0.189, 0.189]",140,30,0.45689142016792533,64,58,5e-06,0.5741517245769501,2,256,2048,0.1,1024,0.0776426936088933,0.3500000000000001,4,{'name': 'cb_focal'},3,"[6, 7, 8]",0.1,64,/home/sfwatanabe/git-projects/project-proposal/data/t2v_weights/t2v_n64_mlp1024_lr6.310e-05.pth,[0],{'name': 'plateau'},atnf,0.4564732142857143,"{'name': 'adam', 'config': {'eps': 1e-08, 'weight_decay': 0.001, 'betas': (0.9, 0.99)}}"
0.4,64,0.99,0.5867103338241577,1.0,"[0.669, 0.197, 0.134]",140,30,0.4930180419576752,128,59,5e-06,0.5867103338241577,2,256,2048,0.1,1024,0.15128055309276023,1.04,4,{'name': 'cb_focal'},3,"[6, 7, 8]",0.1,64,/home/sfwatanabe/git-projects/project-proposal/data/t2v_weights/t2v_n64_mlp1024_lr6.310e-05.pth,[0],{'name': 'plateau'},atnf,0.49606299212598426,"{'name': 'adam', 'config': {'eps': 1e-08, 'weight_decay': 0.001, 'betas': (0.9, 0.99)}}"
0.4,64,0.99,1.2058897018432617,1.0,"[0.661, 0.189, 0.15]",140,20,0.41034651718471177,64,60,5e-06,0.6029448509216309,2,256,2048,0.1,1024,0.012863397294826516,-0.29000000000000004,8,{'name': 'cb_focal'},3,"[6, 7, 8]",0.1,64,/home/sfwatanabe/git-projects/project-proposal/data/t2v_weights/t2v_n64_mlp1024_lr6.310e-05.pth,[0],{'name': 'plateau'},atnf,0.42509920634920634,"{'name': 'adam', 'config': {'eps': 1e-08, 'weight_decay': 0.001, 'betas': (0.9, 0.99)}}"
0.4,64,0.99,0.5417000651359558,1.0,"[0.709, 0.181, 0.11]",140,20,0.4469949341996586,128,61,5e-06,0.5417000651359558,2,256,2048,0.1,1024,0.0919484385662963,0.8500000000000001,8,{'name': 'cb_focal'},3,"[6, 7, 8]",0.1,64,/home/sfwatanabe/git-projects/project-proposal/data/t2v_weights/t2v_n64_mlp1024_lr6.310e-05.pth,[0],{'name': 'plateau'},atnf,0.47244094488188976,"{'name': 'adam', 'config': {'eps': 1e-08, 'weight_decay': 0.001, 'betas': (0.9, 0.99)}}"
0.4,64,0.99,1.2047186493873596,1.0,"[0.717, 0.094, 0.189]",140,30,0.464463983570944,64,62,5e-06,0.6023593246936798,2,256,2048,0.1,1024,0.06396679386119426,-0.17000000000000004,8,{'name': 'cb_focal'},3,"[6, 7, 8]",0.1,64,/home/sfwatanabe/git-projects/project-proposal/data/t2v_weights/t2v_n64_mlp1024_lr6.310e-05.pth,[0],{'name': 'plateau'},atnf,0.48834325396825395,"{'name': 'adam', 'config': {'eps': 1e-08, 'weight_decay': 0.001, 'betas': (0.9, 0.99)}}"
0.4,64,0.99,0.5687394738197327,1.0,"[0.724, 0.118, 0.157]",140,30,0.47899155010686956,128,63,5e-06,0.5687394738197327,2,256,2048,0.1,1024,0.12671927241623207,-0.19999999999999996,8,{'name': 'cb_focal'},3,"[6, 7, 8]",0.1,64,/home/sfwatanabe/git-projects/project-proposal/data/t2v_weights/t2v_n64_mlp1024_lr6.310e-05.pth,[0],{'name': 'plateau'},atnf,0.5118110236220472,"{'name': 'adam', 'config': {'eps': 1e-08, 'weight_decay': 0.001, 'betas': (0.9, 0.99)}}"
0.3,64,0.99,1.1445703506469727,1.0,"[0.669, 0.079, 0.252]",140,20,0.4898181732163228,64,64,1e-05,0.5722851753234863,2,256,2048,0.1,1024,0.09136335269963114,0.24,4,{'name': 'cb_focal'},2,"[6, 7, 8]",0.1,64,/home/sfwatanabe/git-projects/project-proposal/data/t2v_weights/t2v_n64_mlp1024_lr6.310e-05.pth,[0],{'name': 'plateau'},atnf,0.5040922619047619,"{'name': 'adam', 'config': {'eps': 1e-08, 'weight_decay': 0.001, 'betas': (0.9, 0.99)}}"
0.3,64,0.99,0.6210010051727295,1.0,"[0.606, 0.165, 0.228]",140,20,0.47363438544540903,128,65,1e-05,0.6210010051727295,2,256,2048,0.1,1024,0.0939357116532696,0.6499999999999999,4,{'name': 'cb_focal'},2,"[6, 7, 8]",0.1,64,/home/sfwatanabe/git-projects/project-proposal/data/t2v_weights/t2v_n64_mlp1024_lr6.310e-05.pth,[0],{'name': 'plateau'},atnf,0.47244094488188976,"{'name': 'adam', 'config': {'eps': 1e-08, 'weight_decay': 0.001, 'betas': (0.9, 0.99)}}"
0.3,64,0.99,1.3815789222717285,1.0,"[0.591, 0.189, 0.22]",140,30,0.4336526599552232,64,66,1e-05,0.6907894611358643,2,256,2048,0.1,1024,0.04004119078368431,-0.20999999999999996,4,{'name': 'cb_focal'},2,"[6, 7, 8]",0.1,64,/home/sfwatanabe/git-projects/project-proposal/data/t2v_weights/t2v_n64_mlp1024_lr6.310e-05.pth,[0],{'name': 'plateau'},atnf,0.4334077380952381,"{'name': 'adam', 'config': {'eps': 1e-08, 'weight_decay': 0.001, 'betas': (0.9, 0.99)}}"
0.3,64,0.99,0.5643668174743652,1.0,"[0.787, 0.079, 0.134]",140,30,0.45864193363301675,128,67,1e-05,0.5643668174743652,2,256,2048,0.1,1024,0.09481119792171298,-0.30000000000000004,4,{'name': 'cb_focal'},2,"[6, 7, 8]",0.1,64,/home/sfwatanabe/git-projects/project-proposal/data/t2v_weights/t2v_n64_mlp1024_lr6.310e-05.pth,[0],{'name': 'plateau'},atnf,0.5118110236220472,"{'name': 'adam', 'config': {'eps': 1e-08, 'weight_decay': 0.001, 'betas': (0.9, 0.99)}}"
0.3,64,0.99,1.2435393333435059,1.0,"[0.748, 0.165, 0.087]",140,20,0.4249544893844791,64,68,1e-05,0.6217696666717529,2,256,2048,0.1,1024,0.06024973953929104,0.69,8,{'name': 'cb_focal'},2,"[6, 7, 8]",0.1,64,/home/sfwatanabe/git-projects/project-proposal/data/t2v_weights/t2v_n64_mlp1024_lr6.310e-05.pth,[0],{'name': 'plateau'},atnf,0.4645337301587301,"{'name': 'adam', 'config': {'eps': 1e-08, 'weight_decay': 0.001, 'betas': (0.9, 0.99)}}"
0.3,64,0.99,0.5923788547515869,1.0,"[0.591, 0.118, 0.291]",140,20,0.43653257184592303,128,69,1e-05,0.5923788547515869,2,256,2048,0.1,1024,-0.002681889363306499,0.79,8,{'name': 'cb_focal'},2,"[6, 7, 8]",0.1,64,/home/sfwatanabe/git-projects/project-proposal/data/t2v_weights/t2v_n64_mlp1024_lr6.310e-05.pth,[0],{'name': 'plateau'},atnf,0.4330708661417323,"{'name': 'adam', 'config': {'eps': 1e-08, 'weight_decay': 0.001, 'betas': (0.9, 0.99)}}"
0.3,64,0.99,1.3018289804458618,1.0,"[0.811, 0.016, 0.173]",140,30,0.4833509836538304,64,70,1e-05,0.6509144902229309,2,256,2048,0.1,1024,0.11940257621743358,0.6599999999999999,8,{'name': 'cb_focal'},2,"[6, 7, 8]",0.1,64,/home/sfwatanabe/git-projects/project-proposal/data/t2v_weights/t2v_n64_mlp1024_lr6.310e-05.pth,[0],{'name': 'plateau'},atnf,0.5434027777777778,"{'name': 'adam', 'config': {'eps': 1e-08, 'weight_decay': 0.001, 'betas': (0.9, 0.99)}}"
0.3,64,0.99,0.6560958623886108,1.0,"[0.858, 0.118, 0.024]",140,30,0.35342673074956543,128,71,1e-05,0.6560958623886108,2,256,2048,0.1,1024,-0.019811928202173628,-0.20999999999999996,8,{'name': 'cb_focal'},2,"[6, 7, 8]",0.1,64,/home/sfwatanabe/git-projects/project-proposal/data/t2v_weights/t2v_n64_mlp1024_lr6.310e-05.pth,[0],{'name': 'plateau'},atnf,0.4566929133858268,"{'name': 'adam', 'config': {'eps': 1e-08, 'weight_decay': 0.001, 'betas': (0.9, 0.99)}}"
0.3,64,0.99,1.243866741657257,1.0,"[0.559, 0.134, 0.307]",140,20,0.441273307989786,64,72,1e-05,0.6219333708286285,2,256,2048,0.1,1024,0.012921808226064656,1.02,4,{'name': 'cb_focal'},3,"[6, 7, 8]",0.1,64,/home/sfwatanabe/git-projects/project-proposal/data/t2v_weights/t2v_n64_mlp1024_lr6.310e-05.pth,[0],{'name': 'plateau'},atnf,0.4330357142857143,"{'name': 'adam', 'config': {'eps': 1e-08, 'weight_decay': 0.001, 'betas': (0.9, 0.99)}}"
0.3,64,0.99,0.6478229761123657,1.0,"[0.606, 0.142, 0.252]",140,20,0.4644804014882755,128,73,1e-05,0.6478229761123657,2,256,2048,0.1,1024,0.06558486540062007,0.76,4,{'name': 'cb_focal'},3,"[6, 7, 8]",0.1,64,/home/sfwatanabe/git-projects/project-proposal/data/t2v_weights/t2v_n64_mlp1024_lr6.310e-05.pth,[0],{'name': 'plateau'},atnf,0.4645669291338583,"{'name': 'adam', 'config': {'eps': 1e-08, 'weight_decay': 0.001, 'betas': (0.9, 0.99)}}"
0.3,64,0.99,1.2135505676269531,1.0,"[0.748, 0.157, 0.094]",140,30,0.42357954880827303,64,74,1e-05,0.6067752838134766,2,256,2048,0.1,1024,0.03802764227730461,0.77,4,{'name': 'cb_focal'},3,"[6, 7, 8]",0.1,64,/home/sfwatanabe/git-projects/project-proposal/data/t2v_weights/t2v_n64_mlp1024_lr6.310e-05.pth,[0],{'name': 'plateau'},atnf,0.45634920634920634,"{'name': 'adam', 'config': {'eps': 1e-08, 'weight_decay': 0.001, 'betas': (0.9, 0.99)}}"
0.3,64,0.99,0.5830832123756409,1.0,"[0.835, 0.063, 0.102]",140,30,0.4512726606848562,128,75,1e-05,0.5830832123756409,2,256,2048,0.1,1024,0.09858167398514787,0.73,4,{'name': 'cb_focal'},3,"[6, 7, 8]",0.1,64,/home/sfwatanabe/git-projects/project-proposal/data/t2v_weights/t2v_n64_mlp1024_lr6.310e-05.pth,[0],{'name': 'plateau'},atnf,0.5196850393700787,"{'name': 'adam', 'config': {'eps': 1e-08, 'weight_decay': 0.001, 'betas': (0.9, 0.99)}}"
0.3,64,0.99,1.3965541124343872,1.0,"[0.748, 0.15, 0.102]",140,20,0.45306401917151656,64,76,1e-05,0.6982770562171936,2,256,2048,0.1,1024,0.11500212976128238,0.6200000000000001,8,{'name': 'cb_focal'},3,"[6, 7, 8]",0.1,64,/home/sfwatanabe/git-projects/project-proposal/data/t2v_weights/t2v_n64_mlp1024_lr6.310e-05.pth,[0],{'name': 'plateau'},atnf,0.4962797619047619,"{'name': 'adam', 'config': {'eps': 1e-08, 'weight_decay': 0.001, 'betas': (0.9, 0.99)}}"
0.3,64,0.99,0.6086134910583496,1.0,"[0.63, 0.181, 0.189]",140,20,0.4513927129873005,128,77,1e-05,0.6086134910583496,2,256,2048,0.1,1024,0.07167099824753372,0.75,8,{'name': 'cb_focal'},3,"[6, 7, 8]",0.1,64,/home/sfwatanabe/git-projects/project-proposal/data/t2v_weights/t2v_n64_mlp1024_lr6.310e-05.pth,[0],{'name': 'plateau'},atnf,0.4566929133858268,"{'name': 'adam', 'config': {'eps': 1e-08, 'weight_decay': 0.001, 'betas': (0.9, 0.99)}}"
0.3,64,0.99,1.2851340770721436,1.0,"[0.535, 0.181, 0.283]",140,30,0.4341025278047842,64,78,1e-05,0.6425670385360718,2,256,2048,0.1,1024,0.017582257553385706,0.5900000000000001,8,{'name': 'cb_focal'},3,"[6, 7, 8]",0.1,64,/home/sfwatanabe/git-projects/project-proposal/data/t2v_weights/t2v_n64_mlp1024_lr6.310e-05.pth,[0],{'name': 'plateau'},atnf,0.41691468253968256,"{'name': 'adam', 'config': {'eps': 1e-08, 'weight_decay': 0.001, 'betas': (0.9, 0.99)}}"
0.3,64,0.99,0.7287521958351135,1.0,"[0.74, 0.157, 0.102]",140,30,0.4182731468911214,128,79,1e-05,0.7287521958351135,2,256,2048,0.1,1024,0.05569837336844516,0.3600000000000001,8,{'name': 'cb_focal'},3,"[6, 7, 8]",0.1,64,/home/sfwatanabe/git-projects/project-proposal/data/t2v_weights/t2v_n64_mlp1024_lr6.310e-05.pth,[0],{'name': 'plateau'},atnf,0.4645669291338583,"{'name': 'adam', 'config': {'eps': 1e-08, 'weight_decay': 0.001, 'betas': (0.9, 0.99)}}"
0.4,64,0.99,1.1977154612541199,1.0,"[0.685, 0.181, 0.134]",140,20,0.4817812695088306,64,80,1e-05,0.5988577306270599,2,256,2048,0.1,1024,0.14001827644839912,0.8999999999999999,4,{'name': 'cb_focal'},2,"[6, 7, 8]",0.1,64,/home/sfwatanabe/git-projects/project-proposal/data/t2v_weights/t2v_n64_mlp1024_lr6.310e-05.pth,[0],{'name': 'plateau'},atnf,0.49603174603174605,"{'name': 'adam', 'config': {'eps': 1e-08, 'weight_decay': 0.001, 'betas': (0.9, 0.99)}}"
0.4,64,0.99,0.6284303665161133,1.0,"[0.622, 0.134, 0.244]",140,20,0.5011916334273371,128,81,1e-05,0.6284303665161133,2,256,2048,0.1,1024,0.13040129278228133,0.9099999999999999,4,{'name': 'cb_focal'},2,"[6, 7, 8]",0.1,64,/home/sfwatanabe/git-projects/project-proposal/data/t2v_weights/t2v_n64_mlp1024_lr6.310e-05.pth,[0],{'name': 'plateau'},atnf,0.5039370078740157,"{'name': 'adam', 'config': {'eps': 1e-08, 'weight_decay': 0.001, 'betas': (0.9, 0.99)}}"
0.4,64,0.99,1.2930986285209656,1.0,"[0.646, 0.22, 0.134]",140,30,0.45040418713818237,64,82,1e-05,0.6465493142604828,2,256,2048,0.1,1024,0.07984944187007328,-0.12,4,{'name': 'cb_focal'},2,"[6, 7, 8]",0.1,64,/home/sfwatanabe/git-projects/project-proposal/data/t2v_weights/t2v_n64_mlp1024_lr6.310e-05.pth,[0],{'name': 'plateau'},atnf,0.44928075396825395,"{'name': 'adam', 'config': {'eps': 1e-08, 'weight_decay': 0.001, 'betas': (0.9, 0.99)}}"
0.4,64,0.99,0.6049802303314209,1.0,"[0.764, 0.165, 0.071]",140,30,0.37724779273354186,128,83,1e-05,0.6049802303314209,2,256,2048,0.1,1024,-0.00991458183762611,-0.22999999999999998,4,{'name': 'cb_focal'},2,"[6, 7, 8]",0.1,64,/home/sfwatanabe/git-projects/project-proposal/data/t2v_weights/t2v_n64_mlp1024_lr6.310e-05.pth,[0],{'name': 'plateau'},atnf,0.4330708661417323,"{'name': 'adam', 'config': {'eps': 1e-08, 'weight_decay': 0.001, 'betas': (0.9, 0.99)}}"
0.4,64,0.99,1.0936428308486938,1.0,"[0.693, 0.039, 0.268]",140,20,0.48860752871007407,64,84,1e-05,0.5468214154243469,2,256,2048,0.1,1024,0.07878995890009227,0.78,8,{'name': 'cb_focal'},2,"[6, 7, 8]",0.1,64,/home/sfwatanabe/git-projects/project-proposal/data/t2v_weights/t2v_n64_mlp1024_lr6.310e-05.pth,[0],{'name': 'plateau'},atnf,0.5114087301587301,"{'name': 'adam', 'config': {'eps': 1e-08, 'weight_decay': 0.001, 'betas': (0.9, 0.99)}}"
0.4,64,0.99,0.576511800289154,1.0,"[0.677, 0.063, 0.26]",140,20,0.47982496769947103,128,85,1e-05,0.576511800289154,2,256,2048,0.1,1024,0.0650591149606819,0.56,8,{'name': 'cb_focal'},2,"[6, 7, 8]",0.1,64,/home/sfwatanabe/git-projects/project-proposal/data/t2v_weights/t2v_n64_mlp1024_lr6.310e-05.pth,[0],{'name': 'plateau'},atnf,0.49606299212598426,"{'name': 'adam', 'config': {'eps': 1e-08, 'weight_decay': 0.001, 'betas': (0.9, 0.99)}}"
0.4,64,0.99,1.2292972207069397,1.0,"[0.701, 0.142, 0.157]",140,30,0.4609714108317105,64,86,1e-05,0.6146486103534698,2,256,2048,0.1,1024,0.09729812474450567,-0.25,8,{'name': 'cb_focal'},2,"[6, 7, 8]",0.1,64,/home/sfwatanabe/git-projects/project-proposal/data/t2v_weights/t2v_n64_mlp1024_lr6.310e-05.pth,[0],{'name': 'plateau'},atnf,0.4880952380952381,"{'name': 'adam', 'config': {'eps': 1e-08, 'weight_decay': 0.001, 'betas': (0.9, 0.99)}}"
0.4,64,0.99,0.6594908237457275,1.0,"[0.701, 0.205, 0.094]",140,30,0.3630728618600094,128,87,1e-05,0.6594908237457275,2,256,2048,0.1,1024,-0.04687792584065064,-0.19999999999999996,8,{'name': 'cb_focal'},2,"[6, 7, 8]",0.1,64,/home/sfwatanabe/git-projects/project-proposal/data/t2v_weights/t2v_n64_mlp1024_lr6.310e-05.pth,[0],{'name': 'plateau'},atnf,0.3937007874015748,"{'name': 'adam', 'config': {'eps': 1e-08, 'weight_decay': 0.001, 'betas': (0.9, 0.99)}}"
0.4,64,0.99,1.2713262438774109,1.0,"[0.614, 0.118, 0.268]",140,20,0.48767014588292745,64,88,1e-05,0.6356631219387054,2,256,2048,0.1,1024,0.09326293561789559,0.81,4,{'name': 'cb_focal'},3,"[6, 7, 8]",0.1,64,/home/sfwatanabe/git-projects/project-proposal/data/t2v_weights/t2v_n64_mlp1024_lr6.310e-05.pth,[0],{'name': 'plateau'},atnf,0.48821924603174605,"{'name': 'adam', 'config': {'eps': 1e-08, 'weight_decay': 0.001, 'betas': (0.9, 0.99)}}"
0.4,64,0.99,0.5682717561721802,1.0,"[0.787, 0.047, 0.165]",140,20,0.44402483193479336,128,89,1e-05,0.5682717561721802,2,256,2048,0.1,1024,0.03577730076935465,-0.24,4,{'name': 'cb_focal'},3,"[6, 7, 8]",0.1,64,/home/sfwatanabe/git-projects/project-proposal/data/t2v_weights/t2v_n64_mlp1024_lr6.310e-05.pth,[0],{'name': 'plateau'},atnf,0.49606299212598426,"{'name': 'adam', 'config': {'eps': 1e-08, 'weight_decay': 0.001, 'betas': (0.9, 0.99)}}"
0.4,64,0.99,1.4379093647003174,1.0,"[0.803, 0.173, 0.024]",140,30,0.32009506876156607,64,90,1e-05,0.7189546823501587,2,256,2048,0.1,1024,-0.07028807328077376,-0.4,4,{'name': 'cb_focal'},3,"[6, 7, 8]",0.1,64,/home/sfwatanabe/git-projects/project-proposal/data/t2v_weights/t2v_n64_mlp1024_lr6.310e-05.pth,[0],{'name': 'plateau'},atnf,0.4089781746031746,"{'name': 'adam', 'config': {'eps': 1e-08, 'weight_decay': 0.001, 'betas': (0.9, 0.99)}}"
0.4,64,0.99,0.582410454750061,1.0,"[0.724, 0.189, 0.087]",140,30,0.4349131272284865,128,91,1e-05,0.582410454750061,2,256,2048,0.1,1024,0.07998676033836707,0.54,4,{'name': 'cb_focal'},3,"[6, 7, 8]",0.1,64,/home/sfwatanabe/git-projects/project-proposal/data/t2v_weights/t2v_n64_mlp1024_lr6.310e-05.pth,[0],{'name': 'plateau'},atnf,0.4645669291338583,"{'name': 'adam', 'config': {'eps': 1e-08, 'weight_decay': 0.001, 'betas': (0.9, 0.99)}}"
0.4,64,0.99,1.2392826080322266,1.0,"[0.622, 0.205, 0.173]",140,20,0.4491201880286866,64,92,1e-05,0.6196413040161133,2,256,2048,0.1,1024,0.07304918585332115,0.44999999999999996,8,{'name': 'cb_focal'},3,"[6, 7, 8]",0.1,64,/home/sfwatanabe/git-projects/project-proposal/data/t2v_weights/t2v_n64_mlp1024_lr6.310e-05.pth,[0],{'name': 'plateau'},atnf,0.4486607142857143,"{'name': 'adam', 'config': {'eps': 1e-08, 'weight_decay': 0.001, 'betas': (0.9, 0.99)}}"
0.4,64,0.99,0.5403043627738953,1.0,"[0.654, 0.157, 0.189]",140,20,0.5100291342131301,128,93,1e-05,0.5403043627738953,2,256,2048,0.1,1024,0.1565255590310018,0.71,8,{'name': 'cb_focal'},3,"[6, 7, 8]",0.1,64,/home/sfwatanabe/git-projects/project-proposal/data/t2v_weights/t2v_n64_mlp1024_lr6.310e-05.pth,[0],{'name': 'plateau'},atnf,0.5118110236220472,"{'name': 'adam', 'config': {'eps': 1e-08, 'weight_decay': 0.001, 'betas': (0.9, 0.99)}}"
0.4,64,0.99,1.1950878500938416,1.0,"[0.764, 0.063, 0.173]",140,30,0.46437239616313086,64,94,1e-05,0.5975439250469208,2,256,2048,0.1,1024,0.0684739979549483,0.69,8,{'name': 'cb_focal'},3,"[6, 7, 8]",0.1,64,/home/sfwatanabe/git-projects/project-proposal/data/t2v_weights/t2v_n64_mlp1024_lr6.310e-05.pth,[0],{'name': 'plateau'},atnf,0.5040922619047619,"{'name': 'adam', 'config': {'eps': 1e-08, 'weight_decay': 0.001, 'betas': (0.9, 0.99)}}"
0.4,64,0.99,0.5698200464248657,1.0,"[0.835, 0.071, 0.094]",140,30,0.4151712140633584,128,95,1e-05,0.5698200464248657,2,256,2048,0.1,1024,0.02670847845482846,-0.19999999999999996,8,{'name': 'cb_focal'},3,"[6, 7, 8]",0.1,64,/home/sfwatanabe/git-projects/project-proposal/data/t2v_weights/t2v_n64_mlp1024_lr6.310e-05.pth,[0],{'name': 'plateau'},atnf,0.4881889763779528,"{'name': 'adam', 'config': {'eps': 1e-08, 'weight_decay': 0.001, 'betas': (0.9, 0.99)}}"
